Placement,ID,Gender,Athlete,Sport,Previous Instructor,Illegal Sections,Choice 1,Choice 2,Choice 3,Choice 4,Choice 5,Choice 6
,0,M,,,,,Section-24,Section-17,Section-22,Section-25,Section-6,Section-35
,1,F,,,,,Section-20,Section-5,Section-32,Section-27,Section-19,Section-33
,2,M,,,,,Section-1,Section-20,Section-7,Section-23,Section-3,Section-11
,3,M,,,,,Section-26,Section-35,Section-17,Section-15,Section-8,Section-33
,4,F,,,,,Section-23,Section-5,Section-31,Section-28,Section-14,Section-7
,5,F,Y,,,,Section-29,Section-14,Section-8,Section-16,Section-24,Section-26
,6,F,,,,,Section-28,Section-33,Section-27,Section-16,Section-31,Section-11
,7,F,,,,,Section-27,Section-2,Section-29,Section-14,Section-11,Section-3
,8,M,,,,,Section-25,Section-5,Section-34,Section-22,Section-24,Section-18
,9,M,,,,,Section-13,Section-29,Section-17,Section-11,Section-24,Section-3
,10,M,,,,,Section-25,Section-6,Section-17,Section-23,Section-10,Section-27
,11,M,Y,,,,Section-29,Section-13,Section-7,Section-24,Section-14,Section-28
,12,F,,,,,Section-12,Section-15,Section-3,Section-22,Section-6,Section-8
,13,F,,,,,Section-24,Section-30,Section-25,Section-21,Section-4,Section-27
,14,F,,,,,Section-17,Section-35,Section-16,Section-13,Section-4,Section-1
,15,M,,,,,Section-32,Section-10,Section-19,Section-35,Section-6,Section-27
,16,M,,,,,Section-33,Section-17,Section-13,Section-14,Section-30,Section-35
,17,F,Y,,,,Section-6,Section-21,Section-25,Section-7,Section-29,Section-19
,18,M,,,,,Section-15,Section-19,Section-9,Section-24,Section-33,Section-32
,19,M,Y,,,,Section-19,Section-27,Section-28,Section-14,Section-22,Section-1
,20,F,,,,,Section-23,Section-35,Section-9,Section-25,Section-17,Section-21
,21,F,Y,,,,Section-27,Section-14,Section-30,Section-12,Section-31,Section-19
,22,M,,,,,Section-31,Section-4,Section-21,Section-12,Section-27,Section-33
,23,F,,,,,Section-13,Section-21,Section-26,Section-34,Section-9,Section-14
,24,M,Y,,,,Section-21,Section-25,Section-15,Section-14,Section-19,Section-11
,25,M,,,,,Section-3,Section-4,Section-11,Section-23,Section-9,Section-29
,26,M,,,,,Section-3,Section-2,Section-28,Section-23,Section-19,Section-32
,27,M,,,,,Section-23,Section-24,Section-14,Section-4,Section-6,Section-29
,28,F,Y,,,,Section-8,Section-32,Section-6,Section-5,Section-12,Section-25
,29,M,,,,,Section-7,Section-20,Section-33,Section-34,Section-11,Section-13
,30,M,,,,,Section-22,Section-4,Section-7,Section-8,Section-2,Section-16
,31,M,,,,,Section-7,Section-11,Section-14,Section-34,Section-20,Section-10
,32,F,,,,,Section-19,Section-8,Section-33,Section-32,Section-21,Section-14
,33,F,,,,,Section-14,Section-10,Section-7,Section-2,Section-4,Section-17
,34,F,Y,,,,Section-30,Section-19,Section-35,Section-21,Section-8,Section-24
,35,F,,,,,Section-27,Section-23,Section-1,Section-28,Section-8,Section-33
,36,F,,,,,Section-4,Section-16,Section-31,Section-33,Section-21,Section-11
,37,F,,,,,Section-13,Section-18,Section-21,Section-33,Section-1,Section-6
,38,F,,,,,Section-7,Section-10,Section-11,Section-28,Section-23,Section-13
,39,M,,,,,Section-26,Section-31,Section-7,Section-28,Section-13,Section-16
,40,F,,,,,Section-31,Section-17,Section-1,Section-9,Section-24,Section-3
,41,F,,,,,Section-33,Section-17,Section-24,Section-15,Section-1,Section-32
,42,F,,,,,Section-35,Section-20,Section-11,Section-15,Section-14,Section-8
,43,M,,,,,Section-32,Section-16,Section-33,Section-28,Section-22,Section-8
,44,M,,,,,Section-11,Section-34,Section-2,Section-32,Section-1,Section-10
,45,M,Y,,,,Section-14,Section-22,Section-27,Section-15,Section-21,Section-10
,46,M,Y,,,,Section-9,Section-23,Section-35,Section-26,Section-7,Section-1
,47,F,,,,,Section-26,Section-12,Section-18,Section-35,Section-7,Section-34
,48,F,,,,,Section-8,Section-17,Section-35,Section-13,Section-21,Section-33
,49,F,Y,,,,Section-12,Section-5,Section-10,Section-2,Section-23,Section-25
,50,M,,,,,Section-34,Section-9,Section-29,Section-20,Section-19,Section-3
,51,M,,,,,Section-27,Section-1,Section-22,Section-7,Section-10,Section-26
,52,M,,,,,Section-20,Section-4,Section-21,Section-14,Section-33,Section-26
,53,M,,,,,Section-29,Section-5,Section-4,Section-1,Section-24,Section-33
,54,M,,,,,Section-12,Section-4,Section-28,Section-3,Section-27,Section-16
,55,F,,,,,Section-18,Section-6,Section-14,Section-7,Section-4,Section-22
,56,F,,,,,Section-31,Section-20,Section-14,Section-8,Section-10,Section-2
,57,M,,,,,Section-27,Section-7,Section-21,Section-18,Section-23,Section-15
,58,F,,,,,Section-11,Section-18,Section-7,Section-19,Section-31,Section-6
,59,F,,,,,Section-25,Section-29,Section-31,Section-17,Section-15,Section-35
,60,F,Y,,,,Section-3,Section-19,Section-15,Section-26,Section-22,Section-27
,61,M,,,,,Section-11,Section-35,Section-34,Section-30,Section-5,Section-29
,62,F,,,,,Section-13,Section-5,Section-29,Section-2,Section-14,Section-15
,63,F,,,,,Section-13,Section-14,Section-12,Section-25,Section-8,Section-18
,64,F,,,,,Section-23,Section-21,Section-6,Section-27,Section-1,Section-11
,65,M,,,,,Section-12,Section-6,Section-10,Section-26,Section-17,Section-33
,66,F,,,,,Section-28,Section-26,Section-5,Section-19,Section-16,Section-8
,67,M,,,,,Section-21,Section-19,Section-23,Section-26,Section-8,Section-22
,68,M,Y,,,,Section-10,Section-7,Section-3,Section-32,Section-8,Section-16
,69,M,,,,,Section-11,Section-24,Section-33,Section-15,Section-16,Section-4
,70,M,,,,,Section-22,Section-25,Section-27,Section-16,Section-14,Section-30
,71,M,,,,,Section-6,Section-12,Section-29,Section-13,Section-30,Section-22
,72,F,,,,,Section-23,Section-5,Section-29,Section-7,Section-13,Section-1
,73,F,,,,,Section-29,Section-32,Section-34,Section-11,Section-28,Section-33
,74,M,,,,,Section-16,Section-26,Section-23,Section-29,Section-2,Section-9
,75,F,,,,,Section-19,Section-32,Section-2,Section-12,Section-24,Section-1
,76,F,,,,,Section-23,Section-8,Section-33,Section-2,Section-30,Section-18
,77,M,,,,,Section-30,Section-14,Section-1,Section-23,Section-17,Section-26
,78,F,,,,,Section-4,Section-18,Section-21,Section-8,Section-11,Section-32
,79,F,Y,,,,Section-24,Section-34,Section-2,Section-16,Section-33,Section-4
,80,M,,,,,Section-6,Section-22,Section-4,Section-30,Section-7,Section-11
,81,M,,,,,Section-24,Section-8,Section-25,Section-1,Section-27,Section-33
,82,M,,,,,Section-6,Section-14,Section-20,Section-26,Section-1,Section-21
,83,M,,,,,Section-23,Section-32,Section-28,Section-30,Section-29,Section-31
,84,M,,,,,Section-26,Section-20,Section-16,Section-19,Section-1,Section-27
,85,M,,,,,Section-14,Section-29,Section-15,Section-5,Section-27,Section-7
,86,M,,,,,Section-16,Section-10,Section-8,Section-6,Section-2,Section-21
,87,F,,,,,Section-11,Section-30,Section-12,Section-5,Section-20,Section-21
,88,M,,,,,Section-1,Section-28,Section-20,Section-9,Section-33,Section-3
,89,M,,,,,Section-5,Section-20,Section-2,Section-22,Section-14,Section-18
,90,F,,,,,Section-19,Section-32,Section-20,Section-34,Section-25,Section-9
,91,F,Y,,,,Section-4,Section-30,Section-13,Section-19,Section-6,Section-29
,92,F,Y,,,,Section-16,Section-9,Section-35,Section-10,Section-17,Section-29
,93,F,,,,,Section-35,Section-31,Section-27,Section-15,Section-20,Section-23
,94,F,,,,,Section-24,Section-4,Section-13,Section-15,Section-16,Section-9
,95,F,,,,,Section-28,Section-14,Section-33,Section-18,Section-2,Section-29
,96,F,,,,,Section-29,Section-19,Section-20,Section-24,Section-22,Section-12
,97,F,,,,,Section-1,Section-19,Section-15,Section-17,Section-12,Section-11
,98,M,,,,,Section-33,Section-14,Section-18,Section-24,Section-22,Section-2
,99,M,Y,,,,Section-24,Section-29,Section-11,Section-33,Section-14,Section-34
,100,F,,,,,Section-30,Section-26,Section-2,Section-4,Section-31,Section-33
,101,F,Y,,,,Section-32,Section-20,Section-34,Section-15,Section-9,Section-7
,102,M,,,,,Section-16,Section-4,Section-11,Section-19,Section-22,Section-24
,103,M,,,,,Section-18,Section-21,Section-13,Section-22,Section-1,Section-10
,104,M,,,,,Section-17,Section-32,Section-10,Section-3,Section-23,Section-24
,105,M,,,,,Section-19,Section-29,Section-16,Section-15,Section-17,Section-28
,106,M,Y,,,,Section-15,Section-14,Section-31,Section-10,Section-2,Section-22
,107,M,,,,,Section-15,Section-25,Section-31,Section-19,Section-9,Section-27
,108,M,,,,,Section-3,Section-26,Section-29,Section-27,Section-9,Section-34
,109,M,Y,,,,Section-5,Section-8,Section-25,Section-3,Section-7,Section-33
,110,F,,,,,Section-14,Section-10,Section-16,Section-33,Section-22,Section-32
,111,M,,,,,Section-18,Section-3,Section-30,Section-4,Section-11,Section-10
,112,M,,,,,Section-17,Section-23,Section-15,Section-30,Section-32,Section-5
,113,F,Y,,,,Section-12,Section-16,Section-24,Section-13,Section-17,Section-15
,114,M,Y,,,,Section-11,Section-6,Section-21,Section-17,Section-10,Section-35
,115,M,,,,,Section-17,Section-12,Section-16,Section-30,Section-26,Section-29
,116,M,Y,,,,Section-17,Section-26,Section-33,Section-9,Section-23,Section-34
,117,M,Y,,,,Section-29,Section-2,Section-9,Section-23,Section-10,Section-5
,118,M,,,,,Section-22,Section-10,Section-2,Section-5,Section-26,Section-28
,119,F,,,,,Section-18,Section-3,Section-9,Section-17,Section-33,Section-7
,120,F,,,,,Section-7,Section-9,Section-27,Section-2,Section-5,Section-23
,121,F,,,,,Section-3,Section-28,Section-35,Section-9,Section-2,Section-4
,122,M,,,,,Section-20,Section-4,Section-30,Section-18,Section-21,Section-7
,123,M,,,,,Section-9,Section-17,Section-7,Section-23,Section-27,Section-26
,124,F,,,,,Section-25,Section-30,Section-31,Section-28,Section-7,Section-35
,125,F,,,,,Section-34,Section-6,Section-14,Section-10,Section-21,Section-13
,126,F,Y,,,,Section-31,Section-3,Section-24,Section-30,Section-12,Section-27
,127,F,,,,,Section-11,Section-15,Section-14,Section-16,Section-2,Section-3
,128,M,Y,,,,Section-5,Section-28,Section-31,Section-4,Section-2,Section-7
,129,M,Y,,,,Section-25,Section-20,Section-31,Section-22,Section-26,Section-7
,130,M,,,,,Section-16,Section-21,Section-33,Section-5,Section-31,Section-26
,131,M,Y,,,,Section-20,Section-24,Section-23,Section-16,Section-18,Section-35
,132,F,,,,,Section-16,Section-30,Section-19,Section-29,Section-13,Section-10
,133,F,,,,,Section-16,Section-15,Section-2,Section-18,Section-19,Section-31
,134,M,,,,,Section-21,Section-1,Section-31,Section-25,Section-27,Section-30
,135,M,,,,,Section-28,Section-34,Section-27,Section-32,Section-20,Section-5
,136,M,,,,,Section-29,Section-33,Section-18,Section-4,Section-32,Section-16
,137,F,,,,,Section-4,Section-11,Section-1,Section-28,Section-23,Section-16
,138,F,Y,,,,Section-34,Section-25,Section-20,Section-29,Section-19,Section-6
,139,F,,,,,Section-2,Section-6,Section-15,Section-24,Section-14,Section-3
,140,M,,,,,Section-12,Section-5,Section-16,Section-15,Section-26,Section-3
,141,F,,,,,Section-25,Section-21,Section-12,Section-19,Section-24,Section-3
,142,F,,,,,Section-16,Section-14,Section-23,Section-1,Section-3,Section-19
,143,F,,,,,Section-24,Section-21,Section-29,Section-11,Section-12,Section-32
,144,F,,,,,Section-7,Section-21,Section-32,Section-25,Section-22,Section-28
,145,M,,,,,Section-17,Section-9,Section-2,Section-15,Section-25,Section-24
,146,F,,,,,Section-18,Section-34,Section-1,Section-24,Section-21,Section-20
,147,F,,,,,Section-7,Section-2,Section-15,Section-4,Section-25,Section-6
,148,F,,,,,Section-6,Section-18,Section-30,Section-21,Section-29,Section-24
,149,M,Y,,,,Section-12,Section-10,Section-28,Section-26,Section-32,Section-11
,150,M,Y,,,,Section-26,Section-32,Section-12,Section-10,Section-33,Section-34
,151,M,,,,,Section-10,Section-31,Section-19,Section-4,Section-22,Section-24
,152,M,,,,,Section-30,Section-9,Section-21,Section-24,Section-22,Section-10
,153,M,Y,,,,Section-31,Section-22,Section-7,Section-26,Section-29,Section-3
,154,M,,,,,Section-8,Section-25,Section-33,Section-30,Section-20,Section-5
,155,M,,,,,Section-6,Section-34,Section-12,Section-19,Section-24,Section-27
,156,M,,,,,Section-20,Section-11,Section-28,Section-21,Section-15,Section-14
,157,F,,,,,Section-13,Section-22,Section-24,Section-8,Section-20,Section-10
,158,M,,,,,Section-34,Section-4,Section-1,Section-32,Section-24,Section-2
,159,F,,,,,Section-30,Section-22,Section-19,Section-1,Section-4,Section-17
,160,F,,,,,Section-31,Section-7,Section-11,Section-19,Section-26,Section-35
,161,M,,,,,Section-32,Section-1,Section-4,Section-15,Section-9,Section-8
,162,M,,,,,Section-10,Section-28,Section-5,Section-30,Section-19,Section-31
,163,M,,,,,Section-22,Section-6,Section-15,Section-7,Section-34,Section-26
,164,M,,,,,Section-14,Section-27,Section-32,Section-29,Section-10,Section-26
,165,M,,,,,Section-1,Section-29,Section-4,Section-31,Section-16,Section-3
,166,F,,,,,Section-35,Section-12,Section-31,Section-13,Section-16,Section-2
,167,M,,,,,Section-3,Section-5,Section-10,Section-1,Section-17,Section-19
,168,M,Y,,,,Section-7,Section-24,Section-8,Section-28,Section-13,Section-10
,169,M,,,,,Section-31,Section-8,Section-19,Section-3,Section-14,Section-21
,170,M,Y,,,,Section-20,Section-10,Section-25,Section-14,Section-30,Section-15
,171,F,Y,,,,Section-3,Section-29,Section-33,Section-16,Section-7,Section-28
,172,M,Y,,,,Section-9,Section-23,Section-16,Section-2,Section-3,Section-19
,173,F,Y,,,,Section-14,Section-17,Section-16,Section-15,Section-19,Section-35
,174,F,,,,,Section-25,Section-33,Section-17,Section-34,Section-21,Section-23
,175,M,,,,,Section-3,Section-17,Section-10,Section-15,Section-23,Section-25
,176,F,Y,,,,Section-34,Section-1,Section-29,Section-12,Section-26,Section-13
,177,F,,,,,Section-21,Section-35,Section-6,Section-25,Section-4,Section-1
,178,M,,,,,Section-5,Section-31,Section-8,Section-13,Section-12,Section-22
,179,F,Y,,,,Section-25,Section-30,Section-4,Section-35,Section-24,Section-17
,180,M,,,,,Section-11,Section-16,Section-12,Section-13,Section-32,Section-5
,181,M,,,,,Section-33,Section-30,Section-31,Section-4,Section-24,Section-25
,182,F,,,,,Section-9,Section-31,Section-33,Section-23,Section-26,Section-11
,183,F,,,,,Section-27,Section-2,Section-25,Section-22,Section-1,Section-8
,184,F,Y,,,,Section-27,Section-3,Section-35,Section-26,Section-19,Section-5
,185,F,,,,,Section-35,Section-34,Section-3,Section-24,Section-27,Section-7
,186,M,,,,,Section-34,Section-1,Section-16,Section-28,Section-14,Section-2
,187,M,Y,,,,Section-34,Section-10,Section-33,Section-3,Section-16,Section-19
,188,M,,,,,Section-35,Section-33,Section-17,Section-30,Section-15,Section-24
,189,F,,,,,Section-15,Section-13,Section-21,Section-1,Section-33,Section-20
,190,M,,,,,Section-21,Section-7,Section-22,Section-2,Section-8,Section-26
,191,M,,,,,Section-35,Section-34,Section-11,Section-18,Section-20,Section-3
,192,F,,,,,Section-24,Section-21,Section-35,Section-7,Section-31,Section-4
,193,M,,,,,Section-5,Section-25,Section-22,Section-15,Section-2,Section-12
,194,F,,,,,Section-31,Section-20,Section-3,Section-17,Section-11,Section-35
,195,F,Y,,,,Section-13,Section-2,Section-19,Section-32,Section-9,Section-21
,196,M,,,,,Section-10,Section-23,Section-25,Section-12,Section-35,Section-13
,197,M,,,,,Section-11,Section-35,Section-2,Section-32,Section-23,Section-27
,198,F,Y,,,,Section-15,Section-3,Section-28,Section-5,Section-24,Section-22
,199,F,,,,,Section-33,Section-25,Section-5,Section-9,Section-8,Section-26
,200,M,,,,,Section-11,Section-29,Section-25,Section-12,Section-14,Section-33
,201,F,,,,,Section-35,Section-9,Section-27,Section-2,Section-16,Section-30
,202,M,,,,,Section-19,Section-32,Section-16,Section-18,Section-12,Section-30
,203,F,,,,,Section-16,Section-2,Section-13,Section-29,Section-17,Section-32
,204,M,,,,,Section-35,Section-3,Section-10,Section-16,Section-9,Section-17
,205,M,,,,,Section-26,Section-3,Section-22,Section-34,Section-18,Section-17
,206,F,Y,,,,Section-29,Section-9,Section-11,Section-16,Section-30,Section-7
,207,M,Y,,,,Section-9,Section-29,Section-34,Section-4,Section-8,Section-35
,208,M,,,,,Section-5,Section-13,Section-18,Section-9,Section-1,Section-28
,209,M,,,,,Section-22,Section-9,Section-3,Section-31,Section-11,Section-13
,210,M,,,,,Section-35,Section-23,Section-24,Section-15,Section-1,Section-18
,211,F,,,,,Section-15,Section-13,Section-6,Section-22,Section-35,Section-34
,212,F,,,,,Section-9,Section-1,Section-30,Section-17,Section-19,Section-25
,213,M,,,,,Section-28,Section-2,Section-18,Section-23,Section-1,Section-21
,214,F,,,,,Section-24,Section-4,Section-14,Section-1,Section-3,Section-29
,215,M,,,,,Section-33,Section-7,Section-24,Section-34,Section-28,Section-9
,216,M,Y,,,,Section-12,Section-13,Section-2,Section-33,Section-3,Section-19
,217,F,,,,,Section-24,Section-29,Section-27,Section-22,Section-28,Section-33
,218,F,,,,,Section-33,Section-4,Section-1,Section-28,Section-2,Section-22
,219,F,,,,,Section-27,Section-28,Section-15,Section-23,Section-17,Section-8
,220,M,,,,,Section-5,Section-22,Section-31,Section-8,Section-14,Section-29
,221,F,,,,,Section-26,Section-22,Section-9,Section-10,Section-15,Section-12
,222,M,,,,,Section-26,Section-10,Section-32,Section-23,Section-24,Section-9
,223,M,,,,,Section-25,Section-19,Section-5,Section-18,Section-34,Section-22
,224,F,,,,,Section-32,Section-26,Section-34,Section-12,Section-24,Section-9
,225,M,Y,,,,Section-10,Section-12,Section-1,Section-4,Section-2,Section-24
,226,F,,,,,Section-2,Section-21,Section-31,Section-6,Section-35,Section-27
,227,F,,,,,Section-9,Section-25,Section-16,Section-28,Section-23,Section-21
,228,F,,,,,Section-35,Section-13,Section-29,Section-30,Section-3,Section-4
,229,F,,,,,Section-26,Section-6,Section-8,Section-19,Section-1,Section-14
,230,F,,,,,Section-24,Section-12,Section-10,Section-14,Section-29,Section-34
,231,M,,,,,Section-25,Section-15,Section-5,Section-34,Section-33,Section-9
,232,F,,,,,Section-12,Section-32,Section-1,Section-21,Section-14,Section-35
,233,F,,,,,Section-31,Section-19,Section-2,Section-35,Section-25,Section-15
,234,F,,,,,Section-29,Section-33,Section-19,Section-34,Section-17,Section-14
,235,M,,,,,Section-11,Section-20,Section-25,Section-5,Section-35,Section-31
,236,M,,,,,Section-33,Section-31,Section-6,Section-4,Section-23,Section-30
,237,F,,,,,Section-8,Section-17,Section-15,Section-20,Section-6,Section-25
,238,M,,,,,Section-34,Section-12,Section-23,Section-30,Section-20,Section-3
,239,F,,,,,Section-7,Section-13,Section-20,Section-18,Section-19,Section-23
,240,F,,,,,Section-35,Section-20,Section-11,Section-29,Section-6,Section-21
,241,F,,,,,Section-21,Section-31,Section-3,Section-24,Section-14,Section-16
,242,M,,,,,Section-18,Section-11,Section-10,Section-29,Section-5,Section-15
,243,F,,,,,Section-13,Section-21,Section-7,Section-15,Section-12,Section-9
,244,F,,,,,Section-16,Section-26,Section-13,Section-10,Section-33,Section-17
,245,F,,,,,Section-32,Section-7,Section-16,Section-6,Section-12,Section-35
,246,M,,,,,Section-8,Section-16,Section-32,Section-35,Section-22,Section-9
,247,F,,,,,Section-4,Section-8,Section-32,Section-7,Section-35,Section-3
,248,M,,,,,Section-22,Section-25,Section-1,Section-21,Section-31,Section-30
,249,M,,,,,Section-16,Section-34,Section-19,Section-25,Section-15,Section-18
,250,F,,,,,Section-25,Section-16,Section-1,Section-9,Section-24,Section-15
,251,F,,,,,Section-35,Section-12,Section-7,Section-9,Section-4,Section-13
,252,F,,,,,Section-23,Section-33,Section-16,Section-17,Section-1,Section-26
,253,M,,,,,Section-14,Section-21,Section-33,Section-4,Section-24,Section-16
,254,F,,,,,Section-4,Section-25,Section-30,Section-35,Section-23,Section-2
,255,F,,,,,Section-27,Section-23,Section-21,Section-34,Section-25,Section-10
,256,M,,,,,Section-22,Section-8,Section-20,Section-35,Section-25,Section-9
,257,F,Y,,,,Section-33,Section-27,Section-8,Section-20,Section-9,Section-14
,258,M,Y,,,,Section-31,Section-6,Section-22,Section-26,Section-20,Section-7
,259,M,,,,,Section-17,Section-35,Section-3,Section-2,Section-22,Section-20
,260,F,,,,,Section-14,Section-8,Section-26,Section-34,Section-24,Section-16
,261,F,,,,,Section-26,Section-6,Section-28,Section-17,Section-35,Section-14
,262,M,,,,,Section-26,Section-29,Section-35,Section-2,Section-24,Section-8
,263,M,Y,,,,Section-16,Section-11,Section-35,Section-10,Section-7,Section-33
,264,M,,,,,Section-22,Section-17,Section-19,Section-16,Section-8,Section-13
,265,M,Y,,,,Section-32,Section-24,Section-18,Section-27,Section-25,Section-10
,266,F,,,,,Section-14,Section-7,Section-28,Section-34,Section-4,Section-35
,267,M,,,,,Section-10,Section-28,Section-17,Section-24,Section-35,Section-3
,268,M,,,,,Section-13,Section-6,Section-25,Section-10,Section-29,Section-16
,269,M,,,,,Section-18,Section-9,Section-32,Section-2,Section-22,Section-28
,270,F,,,,,Section-25,Section-15,Section-6,Section-24,Section-10,Section-20
,271,F,,,,,Section-6,Section-10,Section-11,Section-28,Section-25,Section-12
,272,F,,,,,Section-24,Section-16,Section-3,Section-7,Section-26,Section-8
,273,F,,,,,Section-17,Section-4,Section-26,Section-1,Section-19,Section-35
,274,M,,,,,Section-3,Section-13,Section-12,Section-14,Section-4,Section-21
,275,F,,,,,Section-28,Section-31,Section-21,Section-25,Section-17,Section-18
,276,M,,,,,Section-22,Section-1,Section-28,Section-9,Section-3,Section-19
,277,F,Y,,,,Section-26,Section-7,Section-35,Section-17,Section-10,Section-28
,278,M,,,,,Section-27,Section-15,Section-17,Section-14,Section-9,Section-16
,279,M,,,,,Section-3,Section-19,Section-23,Section-2,Section-15,Section-32
,280,F,,,,,Section-35,Section-16,Section-11,Section-21,Section-2,Section-23
,281,M,Y,,,,Section-35,Section-23,Section-4,Section-22,Section-29,Section-32
,282,F,,,,,Section-23,Section-30,Section-25,Section-2,Section-35,Section-8
,283,F,Y,,,,Section-27,Section-14,Section-33,Section-28,Section-24,Section-23
,284,M,,,,,Section-5,Section-3,Section-9,Section-6,Section-8,Section-24
,285,F,,,,,Section-21,Section-9,Section-5,Section-27,Section-17,Section-23
,286,F,Y,,,,Section-31,Section-21,Section-30,Section-3,Section-29,Section-16
,287,M,,,,,Section-7,Section-20,Section-15,Section-18,Section-24,Section-3
,288,M,,,,,Section-12,Section-4,Section-23,Section-26,Section-31,Section-11
,289,F,,,,,Section-32,Section-27,Section-23,Section-28,Section-3,Section-8
,290,F,Y,,,,Section-17,Section-14,Section-33,Section-21,Section-4,Section-6
,291,F,,,,,Section-30,Section-35,Section-5,Section-28,Section-14,Section-6
,292,M,Y,,,,Section-25,Section-23,Section-35,Section-33,Section-20,Section-18
,293,F,,,,,Section-20,Section-29,Section-28,Section-31,Section-9,Section-21
,294,F,Y,,,,Section-23,Section-22,Section-5,Section-29,Section-31,Section-3
,295,F,,,,,Section-28,Section-16,Section-10,Section-21,Section-27,Section-11
,296,M,,,,,Section-6,Section-4,Section-14,Section-9,Section-22,Section-5
,297,M,,,,,Section-8,Section-12,Section-27,Section-30,Section-19,Section-2
,298,F,Y,,,,Section-4,Section-31,Section-23,Section-17,Section-12,Section-11
,299,M,,,,,Section-30,Section-1,Section-6,Section-4,Section-8,Section-18
,300,M,,,,,Section-2,Section-17,Section-5,Section-12,Section-28,Section-8
,301,F,,,,,Section-21,Section-8,Section-1,Section-7,Section-18,Section-15
,302,M,Y,,,,Section-21,Section-30,Section-24,Section-4,Section-27,Section-13
,303,M,,,,,Section-30,Section-8,Section-24,Section-10,Section-25,Section-12
,304,F,,,,,Section-25,Section-12,Section-2,Section-22,Section-29,Section-23
,305,F,,,,,Section-21,Section-12,Section-23,Section-34,Section-20,Section-18
,306,F,,,,,Section-32,Section-30,Section-16,Section-18,Section-9,Section-12
,307,M,,,,,Section-14,Section-9,Section-33,Section-20,Section-13,Section-19
,308,M,Y,,,,Section-26,Section-22,Section-18,Section-15,Section-14,Section-5
,309,M,,,,,Section-2,Section-1,Section-26,Section-14,Section-18,Section-31
,310,F,Y,,,,Section-11,Section-30,Section-27,Section-33,Section-28,Section-23
,311,F,,,,,Section-30,Section-21,Section-2,Section-17,Section-15,Section-25
,312,F,,,,,Section-17,Section-29,Section-33,Section-22,Section-31,Section-19
,313,M,Y,,,,Section-24,Section-20,Section-25,Section-17,Section-6,Section-4
,314,M,,,,,Section-7,Section-19,Section-11,Section-35,Section-31,Section-14
,315,M,,,,,Section-21,Section-25,Section-3,Section-34,Section-13,Section-28
,316,F,,,,,Section-4,Section-32,Section-33,Section-10,Section-16,Section-6
,317,M,,,,,Section-15,Section-22,Section-18,Section-19,Section-32,Section-24
,318,F,,,,,Section-14,Section-7,Section-13,Section-18,Section-28,Section-3
,319,F,,,,,Section-33,Section-26,Section-34,Section-12,Section-21,Section-6
,320,F,,,,,Section-35,Section-13,Section-25,Section-16,Section-33,Section-27
,321,F,,,,,Section-30,Section-17,Section-1,Section-4,Section-35,Section-27
,322,F,,,,,Section-17,Section-6,Section-29,Section-18,Section-4,Section-27
,323,M,,,,,Section-18,Section-21,Section-3,Section-15,Section-22,Section-27
,324,F,,,,,Section-16,Section-35,Section-20,Section-31,Section-1,Section-27
,325,F,,,,,Section-24,Section-29,Section-4,Section-28,Section-20,Section-27
,326,M,,,,,Section-17,Section-16,Section-5,Section-29,Section-15,Section-28
,327,F,Y,,,,Section-10,Section-17,Section-4,Section-22,Section-11,Section-3
,328,F,,,,,Section-10,Section-24,Section-34,Section-30,Section-28,Section-13
,329,M,,,,,Section-5,Section-8,Section-12,Section-4,Section-17,Section-23
,330,M,,,,,Section-35,Section-11,Section-26,Section-31,Section-32,Section-6
,331,F,Y,,,,Section-9,Section-31,Section-1,Section-16,Section-30,Section-21
,332,M,,,,,Section-34,Section-3,Section-18,Section-16,Section-10,Section-15
,333,M,,,,,Section-3,Section-28,Section-25,Section-11,Section-12,Section-23
,334,M,Y,,,,Section-17,Section-5,Section-3,Section-27,Section-29,Section-35
,335,M,Y,,,,Section-23,Section-24,Section-12,Section-13,Section-19,Section-26
,336,F,Y,,,,Section-13,Section-20,Section-23,Section-22,Section-32,Section-7
,337,F,,,,,Section-2,Section-32,Section-16,Section-4,Section-31,Section-22
,338,M,,,,,Section-28,Section-1,Section-16,Section-11,Section-12,Section-20
,339,M,,,,,Section-26,Section-19,Section-7,Section-20,Section-11,Section-8
,340,F,Y,,,,Section-25,Section-14,Section-21,Section-1,Section-17,Section-24
,341,F,Y,,,,Section-5,Section-3,Section-20,Section-2,Section-17,Section-24
,342,M,Y,,,,Section-30,Section-7,Section-15,Section-4,Section-18,Section-16
,343,M,,,,,Section-18,Section-8,Section-26,Section-31,Section-1,Section-28
,344,M,Y,,,,Section-22,Section-14,Section-4,Section-12,Section-8,Section-34
,345,M,,,,,Section-5,Section-9,Section-7,Section-23,Section-22,Section-19
,346,F,,,,,Section-24,Section-23,Section-28,Section-15,Section-3,Section-4
,347,F,,,,,Section-32,Section-11,Section-16,Section-25,Section-10,Section-14
,348,M,,,,,Section-28,Section-29,Section-33,Section-34,Section-12,Section-30
,349,M,,,,,Section-24,Section-18,Section-31,Section-5,Section-32,Section-7
,350,M,,,,,Section-24,Section-8,Section-29,Section-7,Section-32,Section-28
,351,M,,,,,Section-19,Section-9,Section-27,Section-32,Section-21,Section-28
,352,M,,,,,Section-18,Section-3,Section-33,Section-10,Section-8,Section-17
,353,M,Y,,,,Section-26,Section-29,Section-11,Section-31,Section-5,Section-13
,354,F,,,,,Section-5,Section-4,Section-21,Section-15,Section-14,Section-2
,355,F,Y,,,,Section-6,Section-3,Section-35,Section-2,Section-27,Section-16
,356,F,Y,,,,Section-8,Section-20,Section-28,Section-13,Section-27,Section-31
,357,F,,,,,Section-9,Section-29,Section-19,Section-4,Section-22,Section-30
,358,F,,,,,Section-10,Section-30,Section-32,Section-18,Section-17,Section-28
,359,F,,,,,Section-9,Section-28,Section-14,Section-34,Section-30,Section-20
,360,F,,,,,Section-18,Section-14,Section-4,Section-21,Section-16,Section-11
,361,M,,,,,Section-3,Section-15,Section-19,Section-13,Section-7,Section-18
,362,M,,,,,Section-1,Section-30,Section-28,Section-10,Section-35,Section-16
,363,F,,,,,Section-3,Section-30,Section-6,Section-21,Section-22,Section-24
,364,M,Y,,,,Section-33,Section-14,Section-26,Section-4,Section-34,Section-10
,365,F,,,,,Section-18,Section-10,Section-6,Section-26,Section-31,Section-24
,366,M,,,,,Section-15,Section-26,Section-30,Section-32,Section-22,Section-2
,367,F,Y,,,,Section-29,Section-30,Section-32,Section-9,Section-6,Section-7
,368,M,,,,,Section-35,Section-18,Section-14,Section-22,Section-27,Section-16
,369,M,Y,,,,Section-3,Section-19,Section-24,Section-21,Section-6,Section-4
,370,F,Y,,,,Section-29,Section-17,Section-19,Section-8,Section-24,Section-20
,371,F,,,,,Section-7,Section-35,Section-5,Section-21,Section-20,Section-12
,372,M,,,,,Section-31,Section-13,Section-33,Section-25,Section-27,Section-23
,373,M,Y,,,,Section-25,Section-3,Section-30,Section-34,Section-23,Section-2
,374,F,,,,,Section-34,Section-18,Section-9,Section-11,Section-30,Section-2
,375,F,Y,,,,Section-16,Section-22,Section-30,Section-29,Section-18,Section-10
,376,F,,,,,Section-10,Section-22,Section-6,Section-27,Section-16,Section-28
,377,F,,,,,Section-17,Section-31,Section-33,Section-19,Section-6,Section-30
,378,M,,,,,Section-2,Section-24,Section-21,Section-1,Section-10,Section-20
,379,F,,,,,Section-2,Section-12,Section-28,Section-17,Section-22,Section-27
,380,F,,,,,Section-1,Section-35,Section-25,Section-4,Section-24,Section-5
,381,F,,,,,Section-23,Section-25,Section-22,Section-34,Section-27,Section-13
,382,F,,,,,Section-32,Section-27,Section-13,Section-33,Section-30,Section-31
,383,F,,,,,Section-28,Section-18,Section-29,Section-14,Section-19,Section-35
,384,F,,,,,Section-10,Section-30,Section-20,Section-21,Section-17,Section-4
,385,M,,,,,Section-18,Section-21,Section-3,Section-10,Section-29,Section-25
,386,F,,,,,Section-14,Section-19,Section-23,Section-30,Section-17,Section-22
,387,M,,,,,Section-35,Section-2,Section-13,Section-28,Section-1,Section-31
,388,F,,,,,Section-23,Section-10,Section-32,Section-21,Section-3,Section-19
,389,F,Y,,,,Section-25,Section-3,Section-19,Section-14,Section-10,Section-17
,390,M,,,,,Section-21,Section-14,Section-12,Section-23,Section-2,Section-19
,391,F,Y,,,,Section-27,Section-6,Section-14,Section-2,Section-23,Section-18
,392,M,,,,,Section-31,Section-18,Section-16,Section-9,Section-29,Section-25
,393,M,,,,,Section-16,Section-25,Section-9,Section-21,Section-19,Section-24
,394,F,,,,,Section-5,Section-30,Section-12,Section-4,Section-16,Section-21
,395,M,,,,,Section-25,Section-35,Section-33,Section-12,Section-23,Section-6
,396,M,Y,,,,Section-13,Section-35,Section-24,Section-21,Section-12,Section-3
,397,M,Y,,,,Section-28,Section-20,Section-30,Section-35,Section-1,Section-7
,398,M,,,,,Section-24,Section-9,Section-30,Section-15,Section-11,Section-25
,399,F,,,,,Section-13,Section-25,Section-14,Section-11,Section-8,Section-2
,400,M,Y,,,,Section-9,Section-11,Section-27,Section-7,Section-20,Section-24
,401,F,,,,,Section-12,Section-1,Section-13,Section-8,Section-10,Section-23
,402,F,Y,,,,Section-17,Section-23,Section-11,Section-21,Section-22,Section-15
,403,M,,,,,Section-23,Section-8,Section-24,Section-29,Section-17,Section-18
,404,F,Y,,,,Section-32,Section-22,Section-34,Section-33,Section-4,Section-27
,405,M,Y,,,,Section-19,Section-5,Section-23,Section-11,Section-28,Section-24
,406,F,,,,,Section-22,Section-31,Section-21,Section-30,Section-28,Section-12
,407,M,,,,,Section-35,Section-10,Section-24,Section-14,Section-4,Section-13
,408,F,Y,,,,Section-16,Section-12,Section-33,Section-35,Section-28,Section-23
,409,M,,,,,Section-28,Section-7,Section-29,Section-27,Section-18,Section-26
,410,M,,,,,Section-14,Section-12,Section-10,Section-35,Section-13,Section-22
,411,F,,,,,Section-29,Section-16,Section-32,Section-2,Section-26,Section-25
,412,M,Y,,,,Section-8,Section-1,Section-24,Section-27,Section-33,Section-16
,413,F,,,,,Section-21,Section-1,Section-2,Section-6,Section-26,Section-35
,414,F,Y,,,,Section-1,Section-32,Section-7,Section-22,Section-34,Section-20
,415,M,,,,,Section-4,Section-24,Section-35,Section-6,Section-20,Section-14
,416,F,,,,,Section-35,Section-18,Section-24,Section-2,Section-25,Section-3
,417,F,,,,,Section-31,Section-30,Section-15,Section-7,Section-26,Section-18
,418,F,,,,,Section-15,Section-1,Section-14,Section-24,Section-3,Section-21
,419,M,,,,,Section-8,Section-20,Section-4,Section-21,Section-29,Section-25
,420,M,Y,,,,Section-25,Section-2,Section-30,Section-20,Section-6,Section-27
,421,F,,,,,Section-31,Section-29,Section-33,Section-15,Section-5,Section-4
,422,M,,,,,Section-17,Section-21,Section-22,Section-16,Section-24,Section-13
,423,M,,,,,Section-13,Section-3,Section-23,Section-29,Section-22,Section-6
,424,M,,,,,Section-10,Section-11,Section-21,Section-5,Section-28,Section-24
,425,F,Y,,,,Section-7,Section-34,Section-27,Section-32,Section-8,Section-4
,426,F,,,,,Section-23,Section-29,Section-33,Section-6,Section-19,Section-16
,427,M,Y,,,,Section-29,Section-32,Section-11,Section-35,Section-15,Section-12
,428,M,,,,,Section-35,Section-33,Section-24,Section-22,Section-2,Section-3
,429,M,,,,,Section-14,Section-34,Section-11,Section-2,Section-7,Section-22
,430,F,,,,,Section-18,Section-33,Section-21,Section-35,Section-19,Section-8
,431,F,,,,,Section-18,Section-6,Section-25,Section-31,Section-1,Section-16
,432,F,,,,,Section-27,Section-11,Section-19,Section-9,Section-16,Section-18
,433,M,,,,,Section-23,Section-22,Section-8,Section-21,Section-33,Section-24
,434,M,,,,,Section-2,Section-22,Section-33,Section-1,Section-11,Section-13
,435,F,,,,,Section-17,Section-11,Section-35,Section-19,Section-14,Section-22
,436,F,,,,,Section-7,Section-1,Section-19,Section-28,Section-17,Section-31
,437,F,Y,,,,Section-24,Section-29,Section-18,Section-8,Section-4,Section-30
,438,F,,,,,Section-28,Section-4,Section-21,Section-23,Section-29,Section-2
,439,F,,,,,Section-33,Section-4,Section-25,Section-31,Section-24,Section-7
,440,M,,,,,Section-34,Section-14,Section-32,Section-4,Section-13,Section-15
,441,F,,,,,Section-24,Section-20,Section-9,Section-19,Section-7,Section-8
,442,M,,,,,Section-1,Section-34,Section-6,Section-26,Section-2,Section-28
,443,M,,,,,Section-11,Section-2,Section-3,Section-18,Section-14,Section-19
,444,F,Y,,,,Section-33,Section-8,Section-17,Section-22,Section-19,Section-2
,445,F,Y,,,,Section-11,Section-17,Section-10,Section-2,Section-9,Section-15
,446,M,,,,,Section-9,Section-17,Section-15,Section-32,Section-19,Section-28
,447,M,Y,,,,Section-14,Section-21,Section-12,Section-26,Section-24,Section-31
,448,M,,,,,Section-15,Section-6,Section-25,Section-28,Section-24,Section-17
,449,M,,,,,Section-23,Section-29,Section-3,Section-17,Section-32,Section-4
,450,M,,,,,Section-25,Section-24,Section-6,Section-2,Section-11,Section-18
,451,M,Y,,,,Section-20,Section-1,Section-35,Section-29,Section-4,Section-18
,452,M,,,,,Section-4,Section-2,Section-13,Section-27,Section-31,Section-24
,453,F,,,,,Section-17,Section-33,Section-25,Section-13,Section-16,Section-31
,454,F,,,,,Section-31,Section-28,Section-32,Section-5,Section-18,Section-34
,455,F,,,,,Section-31,Section-27,Section-1,Section-5,Section-30,Section-2
,456,F,,,,,Section-28,Section-4,Section-8,Section-26,Section-10,Section-1
,457,F,Y,,,,Section-13,Section-3,Section-15,Section-6,Section-1,Section-23
,458,M,,,,,Section-11,Section-25,Section-32,Section-18,Section-31,Section-8
,459,M,Y,,,,Section-24,Section-14,Section-5,Section-27,Section-9,Section-19
,460,F,Y,,,,Section-24,Section-7,Section-12,Section-21,Section-20,Section-8
,461,M,,,,,Section-12,Section-9,Section-30,Section-7,Section-32,Section-20
,462,F,,,,,Section-12,Section-31,Section-35,Section-27,Section-22,Section-10
,463,F,,,,,Section-22,Section-5,Section-9,Section-15,Section-6,Section-4
,464,F,,,,,Section-6,Section-17,Section-12,Section-7,Section-26,Section-4
,465,F,,,,,Section-35,Section-34,Section-28,Section-11,Section-8,Section-6
,466,M,Y,,,,Section-11,Section-25,Section-2,Section-22,Section-29,Section-8
,467,F,,,,,Section-12,Section-20,Section-25,Section-8,Section-19,Section-24
,468,M,,,,,Section-3,Section-7,Section-19,Section-6,Section-13,Section-12
,469,F,,,,,Section-26,Section-20,Section-14,Section-6,Section-16,Section-27
,470,M,,,,,Section-19,Section-1,Section-32,Section-25,Section-14,Section-3
,471,M,,,,,Section-35,Section-16,Section-4,Section-7,Section-28,Section-29
,472,F,,,,,Section-9,Section-7,Section-12,Section-17,Section-31,Section-34
,473,M,Y,,,,Section-15,Section-8,Section-32,Section-10,Section-27,Section-31
,474,M,,,,,Section-34,Section-13,Section-7,Section-15,Section-27,Section-5
,475,M,,,,,Section-16,Section-19,Section-26,Section-1,Section-11,Section-28
,476,F,,,,,Section-4,Section-23,Section-10,Section-35,Section-3,Section-32
,477,M,,,,,Section-30,Section-12,Section-2,Section-32,Section-25,Section-8
,478,F,Y,,,,Section-10,Section-25,Section-5,Section-35,Section-2,Section-18
,479,M,,,,,Section-31,Section-21,Section-22,Section-8,Section-14,Section-13
,480,M,,,,,Section-2,Section-26,Section-6,Section-12,Section-17,Section-8
,481,M,,,,,Section-26,Section-24,Section-32,Section-35,Section-5,Section-15
,482,F,,,,,Section-11,Section-35,Section-34,Section-15,Section-26,Section-1
,483,F,,,,,Section-20,Section-27,Section-30,Section-10,Section-13,Section-25
,484,F,,,,,Section-9,Section-10,Section-12,Section-15,Section-2,Section-32
,485,M,,,,,Section-35,Section-1,Section-9,Section-24,Section-12,Section-11
,486,M,,,,,Section-5,Section-13,Section-23,Section-18,Section-31,Section-29
,487,M,,,,,Section-31,Section-6,Section-18,Section-26,Section-16,Section-1
,488,M,,,,,Section-3,Section-32,Section-6,Section-8,Section-31,Section-9
,489,F,Y,,,,Section-16,Section-4,Section-20,Section-3,Section-30,Section-9
,490,M,Y,,,,Section-28,Section-31,Section-5,Section-7,Section-10,Section-32
,491,M,Y,,,,Section-1,Section-22,Section-17,Section-26,Section-10,Section-4
,492,M,,,,,Section-8,Section-16,Section-19,Section-25,Section-13,Section-5
,493,M,,,,,Section-18,Section-16,Section-6,Section-1,Section-25,Section-4
,494,M,Y,,,,Section-12,Section-5,Section-31,Section-30,Section-16,Section-9
,495,F,,,,,Section-5,Section-9,Section-27,Section-4,Section-32,Section-11
,496,M,,,,,Section-15,Section-16,Section-9,Section-10,Section-29,Section-25
,497,M,,,,,Section-29,Section-25,Section-2,Section-6,Section-18,Section-34
,498,M,,,,,Section-24,Section-21,Section-6,Section-18,Section-8,Section-32
,499,F,,,,,Section-22,Section-25,Section-29,Section-33,Section-18,Section-2
,500,F,,,,,Section-4,Section-5,Section-35,Section-16,Section-27,Section-29
,501,F,Y,,,,Section-15,Section-4,Section-18,Section-33,Section-13,Section-17
,502,F,Y,,,,Section-25,Section-8,Section-16,Section-23,Section-27,Section-6
,503,F,,,,,Section-21,Section-5,Section-24,Section-14,Section-9,Section-10
,504,F,,,,,Section-14,Section-8,Section-32,Section-1,Section-7,Section-26
,505,F,,,,,Section-2,Section-4,Section-33,Section-24,Section-26,Section-29
,506,M,,,,,Section-35,Section-29,Section-30,Section-25,Section-26,Section-23
,507,M,,,,,Section-26,Section-1,Section-28,Section-16,Section-24,Section-31
,508,F,,,,,Section-2,Section-4,Section-13,Section-33,Section-24,Section-20
,509,M,Y,,,,Section-25,Section-12,Section-17,Section-18,Section-5,Section-6
,510,F,Y,,,,Section-21,Section-33,Section-32,Section-13,Section-17,Section-28
,511,F,,,,,Section-28,Section-10,Section-15,Section-27,Section-13,Section-24
,512,F,,,,,Section-20,Section-29,Section-6,Section-27,Section-13,Section-1
,513,F,Y,,,,Section-10,Section-33,Section-27,Section-5,Section-4,Section-6
,514,M,,,,,Section-11,Section-3,Section-24,Section-21,Section-1,Section-16
,515,M,,,,,Section-22,Section-31,Section-16,Section-8,Section-2,Section-25
,516,F,,,,,Section-33,Section-9,Section-13,Section-12,Section-24,Section-27
,517,M,Y,,,,Section-23,Section-21,Section-18,Section-25,Section-2,Section-16
,518,M,Y,,,,Section-8,Section-4,Section-20,Section-31,Section-23,Section-13
,519,F,,,,,Section-15,Section-1,Section-25,Section-7,Section-6,Section-29
,520,F,Y,,,,Section-31,Section-34,Section-18,Section-29,Section-6,Section-35
,521,M,,,,,Section-21,Section-11,Section-1,Section-27,Section-26,Section-8
,522,F,Y,,,,Section-17,Section-16,Section-32,Section-24,Section-20,Section-8
,523,F,,,,,Section-7,Section-18,Section-12,Section-20,Section-5,Section-35
,524,F,Y,,,,Section-12,Section-32,Section-15,Section-2,Section-3,Section-31
,525,F,,,,,Section-31,Section-11,Section-14,Section-3,Section-12,Section-25
,526,F,,,,,Section-2,Section-26,Section-13,Section-17,Section-15,Section-22
,527,F,,,,,Section-8,Section-34,Section-3,Section-33,Section-29,Section-21
,528,M,,,,,Section-12,Section-32,Section-16,Section-10,Section-15,Section-24
,529,M,Y,,,,Section-10,Section-34,Section-7,Section-2,Section-4,Section-1
,530,F,,,,,Section-17,Section-26,Section-20,Section-32,Section-34,Section-23
,531,M,,,,,Section-8,Section-15,Section-16,Section-26,Section-12,Section-30
,532,F,Y,,,,Section-10,Section-12,Section-27,Section-33,Section-17,Section-1
,533,F,Y,,,,Section-32,Section-9,Section-35,Section-27,Section-14,Section-1
,534,F,Y,,,,Section-17,Section-5,Section-25,Section-21,Section-1,Section-29
,535,F,,,,,Section-2,Section-32,Section-19,Section-10,Section-14,Section-16
,536,F,Y,,,,Section-23,Section-24,Section-26,Section-13,Section-35,Section-9
,537,M,Y,,,,Section-5,Section-2,Section-19,Section-22,Section-33,Section-15
,538,F,,,,,Section-35,Section-7,Section-20,Section-32,Section-26,Section-5
,539,M,,,,,Section-2,Section-14,Section-19,Section-6,Section-20,Section-35
,540,F,,,,,Section-20,Section-25,Section-31,Section-15,Section-30,Section-10
,541,F,,,,,Section-27,Section-25,Section-9,Section-18,Section-14,Section-15
,542,M,,,,,Section-35,Section-5,Section-16,Section-29,Section-25,Section-32
,543,M,,,,,Section-21,Section-35,Section-15,Section-4,Section-6,Section-23
,544,M,,,,,Section-20,Section-27,Section-17,Section-31,Section-4,Section-30
,545,M,,,,,Section-34,Section-11,Section-8,Section-6,Section-27,Section-4
,546,F,,,,,Section-32,Section-18,Section-2,Section-9,Section-35,Section-23
,547,F,,,,,Section-17,Section-2,Section-7,Section-14,Section-10,Section-9
,548,M,,,,,Section-10,Section-25,Section-4,Section-1,Section-3,Section-12
,549,M,,,,,Section-21,Section-8,Section-31,Section-7,Section-18,Section-23
,550,F,,,,,Section-32,Section-34,Section-6,Section-35,Section-7,Section-24
,551,M,,,,,Section-16,Section-10,Section-31,Section-24,Section-18,Section-2
,552,M,,,,,Section-26,Section-18,Section-6,Section-29,Section-14,Section-30
,553,M,,,,,Section-5,Section-24,Section-25,Section-3,Section-6,Section-32
,554,F,,,,,Section-34,Section-5,Section-12,Section-30,Section-23,Section-15
,555,M,Y,,,,Section-7,Section-13,Section-5,Section-12,Section-18,Section-14
,556,M,Y,,,,Section-18,Section-21,Section-20,Section-9,Section-30,Section-11
,557,F,,,,,Section-17,Section-6,Section-24,Section-1,Section-33,Section-35
,558,M,,,,,Section-32,Section-23,Section-11,Section-21,Section-20,Section-8
,559,F,Y,,,,Section-35,Section-25,Section-34,Section-30,Section-16,Section-5
,560,M,,,,,Section-30,Section-6,Section-4,Section-31,Section-8,Section-17
,561,F,,,,,Section-28,Section-10,Section-32,Section-16,Section-13,Section-23
,562,F,,,,,Section-32,Section-11,Section-9,Section-13,Section-15,Section-5
,563,F,,,,,Section-1,Section-23,Section-31,Section-10,Section-4,Section-33
,564,M,,,,,Section-29,Section-20,Section-14,Section-8,Section-4,Section-3
,565,F,,,,,Section-13,Section-2,Section-10,Section-29,Section-28,Section-15
,566,F,,,,,Section-16,Section-15,Section-17,Section-18,Section-25,Section-8
,567,F,,,,,Section-24,Section-9,Section-32,Section-35,Section-30,Section-11
,568,F,,,,,Section-28,Section-13,Section-9,Section-25,Section-8,Section-27
,569,M,,,,,Section-19,Section-33,Section-25,Section-5,Section-16,Section-24
,570,M,Y,,,,Section-11,Section-26,Section-5,Section-1,Section-20,Section-14
,571,F,,,,,Section-6,Section-33,Section-15,Section-26,Section-22,Section-18
,572,M,,,,,Section-29,Section-3,Section-18,Section-17,Section-20,Section-13
,573,F,Y,,,,Section-5,Section-28,Section-24,Section-2,Section-35,Section-10
,574,F,,,,,Section-27,Section-18,Section-21,Section-28,Section-31,Section-34
,575,M,,,,,Section-31,Section-11,Section-32,Section-33,Section-2,Section-29
,576,F,,,,,Section-22,Section-7,Section-29,Section-10,Section-14,Section-2
,577,M,,,,,Section-14,Section-23,Section-18,Section-29,Section-16,Section-27
,578,M,,,,,Section-24,Section-26,Section-4,Section-29,Section-1,Section-6
,579,M,,,,,Section-25,Section-8,Section-13,Section-1,Section-2,Section-18
,580,F,,,,,Section-27,Section-14,Section-35,Section-1,Section-3,Section-26
,581,F,,,,,Section-11,Section-8,Section-17,Section-33,Section-22,Section-34
,582,M,,,,,Section-15,Section-25,Section-32,Section-20,Section-13,Section-16
,583,M,,,,,Section-5,Section-9,Section-23,Section-33,Section-30,Section-29
,584,F,Y,,,,Section-5,Section-1,Section-24,Section-21,Section-3,Section-11
,585,M,,,,,Section-25,Section-30,Section-5,Section-6,Section-10,Section-26
,586,F,,,,,Section-11,Section-8,Section-9,Section-35,Section-21,Section-13
,587,M,,,,,Section-8,Section-10,Section-3,Section-11,Section-24,Section-19
,588,F,,,,,Section-23,Section-19,Section-26,Section-17,Section-4,Section-27
,589,M,,,,,Section-4,Section-14,Section-33,Section-7,Section-8,Section-30
,590,M,,,,,Section-22,Section-34,Section-30,Section-35,Section-14,Section-19
,591,M,,,,,Section-3,Section-6,Section-1,Section-34,Section-2,Section-30
,592,M,,,,,Section-6,Section-19,Section-18,Section-22,Section-27,Section-30
,593,M,,,,,Section-22,Section-18,Section-20,Section-35,Section-7,Section-25
,594,M,Y,,,,Section-24,Section-26,Section-32,Section-31,Section-11,Section-20
,595,F,,,,,Section-2,Section-23,Section-35,Section-1,Section-8,Section-7
,596,M,,,,,Section-7,Section-19,Section-22,Section-3,Section-5,Section-17
,597,M,Y,,,,Section-9,Section-34,Section-28,Section-16,Section-17,Section-5
,598,M,,,,,Section-13,Section-24,Section-23,Section-10,Section-6,Section-7
,599,F,,,,,Section-1,Section-30,Section-14,Section-18,Section-2,Section-31
,600,F,,,,,Section-34,Section-23,Section-21,Section-25,Section-8,Section-12
,601,F,,,,,Section-30,Section-16,Section-11,Section-5,Section-28,Section-26
,602,F,,,,,Section-4,Section-20,Section-22,Section-33,Section-18,Section-7
,603,F,,,,,Section-26,Section-1,Section-32,Section-23,Section-10,Section-9
,604,M,,,,,Section-9,Section-35,Section-18,Section-28,Section-19,Section-3
,605,F,,,,,Section-11,Section-31,Section-30,Section-9,Section-23,Section-1
,606,F,,,,,Section-20,Section-8,Section-31,Section-35,Section-32,Section-3
,607,M,,,,,Section-33,Section-8,Section-24,Section-26,Section-1,Section-9
,608,M,,,,,Section-6,Section-25,Section-17,Section-2,Section-19,Section-1
,609,F,,,,,Section-22,Section-10,Section-3,Section-2,Section-24,Section-34
,610,F,Y,,,,Section-1,Section-12,Section-35,Section-13,Section-2,Section-20
,611,M,,,,,Section-28,Section-10,Section-15,Section-3,Section-29,Section-26
,612,M,,,,,Section-1,Section-28,Section-9,Section-17,Section-35,Section-6
,613,M,,,,,Section-4,Section-10,Section-20,Section-11,Section-3,Section-17
,614,M,Y,,,,Section-27,Section-33,Section-19,Section-32,Section-31,Section-8
,615,M,,,,,Section-34,Section-15,Section-8,Section-21,Section-28,Section-35
,616,M,Y,,,,Section-27,Section-6,Section-19,Section-24,Section-28,Section-18
,617,M,,,,,Section-8,Section-30,Section-12,Section-5,Section-20,Section-11
,618,F,,,,,Section-25,Section-5,Section-29,Section-20,Section-22,Section-35
,619,F,,,,,Section-2,Section-19,Section-22,Section-25,Section-17,Section-28
,620,M,,,,,Section-2,Section-16,Section-30,Section-31,Section-8,Section-17
,621,F,,,,,Section-16,Section-27,Section-21,Section-33,Section-15,Section-24
,622,M,,,,,Section-15,Section-10,Section-8,Section-29,Section-7,Section-23
,623,M,,,,,Section-35,Section-29,Section-27,Section-22,Section-6,Section-18
,624,F,,,,,Section-31,Section-13,Section-4,Section-24,Section-2,Section-6
,625,F,Y,,,,Section-16,Section-21,Section-19,Section-10,Section-33,Section-28
,626,F,,,,,Section-17,Section-16,Section-33,Section-11,Section-19,Section-13
,627,M,,,,,Section-11,Section-26,Section-13,Section-7,Section-3,Section-15
,628,F,Y,,,,Section-9,Section-5,Section-27,Section-16,Section-29,Section-31
,629,F,,,,,Section-22,Section-17,Section-27,Section-21,Section-8,Section-11
,630,F,,,,,Section-5,Section-7,Section-13,Section-3,Section-26,Section-23
,631,M,,,,,Section-25,Section-33,Section-9,Section-31,Section-11,Section-20
,632,F,,,,,Section-15,Section-22,Section-35,Section-18,Section-20,Section-12
,633,M,,,,,Section-12,Section-3,Section-30,Section-34,Section-25,Section-9
,634,M,Y,,,,Section-26,Section-35,Section-14,Section-31,Section-21,Section-7
,635,F,,,,,Section-10,Section-25,Section-15,Section-8,Section-20,Section-21
,636,F,Y,,,,Section-7,Section-3,Section-35,Section-33,Section-34,Section-16
,637,M,,,,,Section-15,Section-4,Section-9,Section-14,Section-10,Section-23
,638,M,,,,,Section-1,Section-13,Section-34,Section-26,Section-20,Section-2
,639,M,,,,,Section-31,Section-22,Section-33,Section-6,Section-26,Section-16
,640,M,,,,,Section-12,Section-34,Section-1,Section-3,Section-4,Section-10
,641,F,,,,,Section-30,Section-32,Section-31,Section-17,Section-27,Section-11
,642,F,,,,,Section-31,Section-33,Section-35,Section-23,Section-21,Section-11
,643,F,Y,,,,Section-4,Section-13,Section-18,Section-5,Section-28,Section-12
,644,M,,,,,Section-30,Section-21,Section-22,Section-17,Section-35,Section-1
,645,M,,,,,Section-3,Section-27,Section-5,Section-17,Section-12,Section-34
,646,F,,,,,Section-32,Section-11,Section-17,Section-7,Section-20,Section-6
,647,M,,,,,Section-19,Section-30,Section-28,Section-10,Section-16,Section-21
,648,M,Y,,,,Section-27,Section-23,Section-3,Section-4,Section-2,Section-15
,649,F,Y,,,,Section-16,Section-19,Section-1,Section-23,Section-27,Section-8
,650,F,,,,,Section-5,Section-17,Section-28,Section-35,Section-3,Section-2
,651,F,Y,,,,Section-29,Section-15,Section-20,Section-11,Section-32,Section-10
,652,M,,,,,Section-18,Section-31,Section-19,Section-9,Section-6,Section-26
,653,F,,,,,Section-21,Section-4,Section-35,Section-29,Section-15,Section-3
,654,F,,,,,Section-2,Section-19,Section-23,Section-4,Section-26,Section-22
,655,M,Y,,,,Section-26,Section-8,Section-3,Section-14,Section-6,Section-30
,656,F,,,,,Section-23,Section-31,Section-24,Section-9,Section-7,Section-16
,657,M,,,,,Section-3,Section-14,Section-33,Section-10,Section-4,Section-34
,658,M,,,,,Section-23,Section-31,Section-16,Section-4,Section-33,Section-13
,659,M,,,,,Section-2,Section-14,Section-13,Section-29,Section-25,Section-6
,660,M,,,,,Section-1,Section-17,Section-23,Section-27,Section-7,Section-2
,661,F,Y,,,,Section-12,Section-18,Section-7,Section-10,Section-32,Section-29
,662,M,,,,,Section-1,Section-6,Section-22,Section-4,Section-13,Section-21
,663,F,,,,,Section-18,Section-7,Section-2,Section-20,Section-31,Section-23
,664,F,,,,,Section-17,Section-3,Section-2,Section-23,Section-35,Section-8
,665,M,,,,,Section-32,Section-25,Section-5,Section-18,Section-26,Section-22
,666,M,Y,,,,Section-1,Section-24,Section-9,Section-35,Section-8,Section-10
,667,F,,,,,Section-23,Section-29,Section-17,Section-25,Section-28,Section-4
,668,F,,,,,Section-9,Section-21,Section-31,Section-8,Section-4,Section-12
,669,F,Y,,,,Section-26,Section-18,Section-7,Section-33,Section-30,Section-13
,670,M,,,,,Section-21,Section-34,Section-19,Section-23,Section-31,Section-10
,671,M,,,,,Section-14,Section-23,Section-20,Section-19,Section-35,Section-4
,672,M,,,,,Section-18,Section-35,Section-21,Section-1,Section-14,Section-4
,673,F,,,,,Section-3,Section-5,Section-15,Section-24,Section-13,Section-10
,674,M,,,,,Section-6,Section-31,Section-9,Section-22,Section-8,Section-23
,675,M,,,,,Section-13,Section-20,Section-1,Section-25,Section-21,Section-2
,676,M,Y,,,,Section-3,Section-12,Section-17,Section-16,Section-20,Section-10
,677,M,,,,,Section-35,Section-19,Section-23,Section-17,Section-5,Section-7
,678,F,,,,,Section-1,Section-2,Section-14,Section-16,Section-15,Section-13
,679,M,Y,,,,Section-11,Section-14,Section-12,Section-7,Section-4,Section-5
,680,M,Y,,,,Section-33,Section-2,Section-17,Section-21,Section-5,Section-9
,681,F,Y,,,,Section-17,Section-29,Section-19,Section-27,Section-3,Section-8
,682,F,Y,,,,Section-4,Section-22,Section-9,Section-3,Section-18,Section-23
,683,F,,,,,Section-31,Section-23,Section-24,Section-15,Section-35,Section-21
,684,F,,,,,Section-6,Section-23,Section-28,Section-7,Section-32,Section-34
,685,M,,,,,Section-30,Section-26,Section-33,Section-5,Section-15,Section-7
,686,M,,,,,Section-13,Section-8,Section-2,Section-34,Section-19,Section-4
,687,M,,,,,Section-6,Section-12,Section-15,Section-13,Section-29,Section-4
,688,F,Y,,,,Section-10,Section-1,Section-19,Section-13,Section-17,Section-20
,689,F,,,,,Section-32,Section-21,Section-12,Section-2,Section-26,Section-19
,690,M,,,,,Section-29,Section-6,Section-32,Section-5,Section-4,Section-27
